method,num_samples,avg_psnr,avg_time_ms
baseline,25,33.67199833134219,4.799776077270508
bilinear,25,33.77501811713235,38.481760025024414
bicubic,25,33.695290098125554,9.465065002441406
