method,num_samples,avg_psnr,avg_time_ms
baseline,25,33.67199833134219,10.168895721435547
nearest,25,33.62286533066491,0.04055976867675781
average,25,33.67199833134219,6.694059371948242
